StudentID,FirstName,LastName,Email,Phone,Department,Salary,JoinDate
EMP1001,John,Smith,john.smith@gmail.com,9876543210,Sales,45000,12-01-2023
EMP1002,Sarah,Johnson,sarah_j@yahoo.com,9123456780,Marketing,52000,25-03-2022
EMP1003,David,Brown,david.brown@company.com,9988776655,Finance,60000,14-07-2021
EMP1004,Emily,Davis,emily.d@outlook.com,9090909090,HR,48000,01-11-2023
EMP1005,Michael,Wilson,mike.wilson@gmail.com,9345678123,IT,75000,18-05-2020
EMP1006,Olivia,Garcia,olivia.garcia@company.com,9123456901,Sales,47000,23-04-2022
EMP1007,James,Martinez,james.martinez@yahoo.com,9234567891,Marketing,53000,07-08-2021
EMP1008,Liam,Lopez,liam.lopez@outlook.com,9345678902,Finance,61000,15-09-2020
EMP1009,Charlotte,Rodriguez,charlotte.r@company.com,9456789013,HR,49000,28-02-2023
EMP1010,William,Lee,william.lee@gmail.com,9567890124,IT,76000,02-12-2019
EMP1011,Amelia,Walker,amelia.w@outlook.com,9678901235,Sales,46000,18-03-2022
EMP1012,Elijah,Hall,elijah.hall@yahoo.com,9789012346,Marketing,54000,04-06-2021
EMP1013,Harper,Allen,harper.allen@company.com,9890123457,Finance,62000,22-10-2020
EMP1014,Noah,Young,noah.young@gmail.com,9901234568,HR,50000,11-01-2023
EMP1015,Evelyn,King,evelyn.king@outlook.com,9912345679,IT,77000,19-05-2019
EMP1016,Jacob,Wright,jacob.wright@yahoo.com,9023456780,Sales,48000,09-04-2022
EMP1017,Isabella,Scott,isabella.scott@company.com,9134567891,Marketing,55000,26-07-2021
EMP1018,Mason,Green,mason.green@gmail.com,9245678902,Finance,63000,13-11-2020
EMP1019,Emily,Adams,emily.adams@outlook.com,9356789013,HR,51000,30-02-2023
EMP1020,Logan,Baker,logan.baker@yahoo.com,9467890124,IT,78000,05-12-2019
EMP1021,Elizabeth,Clark,elizabeth.clark@company.com,9578901235,Sales,49000,20-03-2022
EMP1022,Alexander,Hall,alexander.hall@gmail.com,9689012346,Marketing,56000,08-06-2021
EMP1023,Mia,Roberts,mia.roberts@outlook.com,9790123457,Finance,64000,16-10-2020
EMP1024,Benjamin,Young,benjamin.young@yahoo.com,9801234568,HR,52000,14-01-2023
EMP1025,Ava,Allen,ava.allen@company.com,9912345679,IT,79000,21-05-2019
EMP1026,Daniel,King,daniel.king@gmail.com,9023456780,Sales,50000,10-04-2022
EMP1027,Sofia,Wright,sofia.wright@outlook.com,9134567891,Marketing,57000,27-07-2021
EMP1028,Henry,Lopez,henry.lopez@yahoo.com,9245678902,Finance,65000,14-11-2020
EMP1029,Grace,Young,grace.young@company.com,9356789013,HR,53000,31-02-2023
EMP1030,Matthew,Martin,matthew.martin@gmail.com,9467890124,IT,80000,06-12-2019
EMP1031,Chloe,White,chloe.white@outlook.com,9578901235,Sales,51000,21-03-2022
EMP1032,Jayden,Clark,jayden.clark@yahoo.com,9689012346,Marketing,58000,09-06-2021
EMP1033,Abigail,Allen,abigail.allen@company.com,9790123457,Finance,66000,17-10-2020
EMP1034,Luke,Lee,luke.lee@gmail.com,9801234568,HR,54000,15-01-2023
EMP1035,Samantha,Hall,samantha.hall@outlook.com,9912345679,IT,81000,22-05-2019
EMP1036,Jack,Young,jack.young@yahoo.com,9023456780,Sales,52000,11-04-2022
EMP1037,Victoria,Wright,victoria.wright@company.com,9134567891,Marketing,59000,28-07-2021
EMP1038,Grayson,Martin,grayson.martin@gmail.com,9245678902,Finance,67000,15-11-2020
EMP1039,Elena,Lopez,elena.lopez@outlook.com,9356789013,HR,55000,32-02-2023
EMP1040,Isaac,White,isaac.white@yahoo.com,9467890124,IT,82000,07-12-2019
EMP1041,Naomi,Adams,naomi.adams@company.com,9578901235,Sales,53000,22-03-2022
EMP1042,Caleb,Young,caleb.young@gmail.com,9689012346,Marketing,60000,10-06-2021
EMP1043,Penelope,Scott,penelope.scott@outlook.com,9790123457,Finance,68000,18-10-2020
EMP1044,Isaiah,King,isaiah.king@yahoo.com,9801234568,HR,56000,16-01-2023
EMP1045,Aria,Hall,aria.hall@company.com,9912345679,IT,83000,23-05-2019
EMP1046,Leo,Allen,leo.allen@gmail.com,9023456780,Sales,54000,12-04-2022
EMP1047,Stella,White,stella.white@outlook.com,9134567891,Marketing,61000,29-07-2021
EMP1048,Ryan,Young,ryan.young@yahoo.com,9245678902,Finance,69000,16-11-2020
EMP1049,Scarlett,Martin,scarlett.martin@company.com,9356789013,HR,57000,33-02-2023
EMP1050,Connor,Lee,connor.lee@gmail.com,9467890124,IT,84000,08-12-2019
EMP1051,Hailey,King,hailey.king@outlook.com,9578901235,Sales,55000,23-03-2022
EMP1052,Jayce,Scott,jayce.scott@yahoo.com,9689012346,Marketing,62000,11-06-2021
EMP1053,Elise,Allen,elise.allen@company.com,9790123457,Finance,70000,19-10-2020
EMP1054,Julian,White,Julian.white@gmail.com,9801234568,HR,58000,17-01-2023
EMP1055,Avery,Hall,avery.hall@outlook.com,9912345679,IT,85000,24-05-2019
EMP1056,Ryder,Young,ryder.young@yahoo.com,9023456780,Sales,56000,13-04-2022
EMP1057,Ariel,Martin,ariel.martin@company.com,9134567891,Marketing,63000,30-07-2021
EMP1058,Levi,Lee,levi.lee@gmail.com,9245678902,Finance,71000,17-11-2020
EMP1059,Julia,White,julia.white@outlook.com,9356789013,HR,59000,34-02-2023
EMP1060,Nathan,King,nathan.king@yahoo.com,9467890124,IT,86000,09-12-2019
EMP1061,Quinn,Hall,quinn.hall@company.com,9578901235,Sales,57000,24-03-2022
EMP1062,Micah,Scott,micah.scott@gmail.com,9689012346,Marketing,64000,12-06-2021
EMP1063,Sage,Allen,sage.allen@outlook.com,9790123457,Finance,72000,20-10-2020
EMP1064,Carson,White,carson.white@yahoo.com,9801234568,HR,60000,18-01-2023
EMP1065,Eliana,Hall,eliana.hall@company.com,9912345679,IT,87000,25-05-2019
EMP1066,Miles,Young,miles.young@gmail.com,9023456780,Sales,58000,14-04-2022
EMP1067,Luna,Martin,luna.martin@outlook.com,9134567891,Marketing,65000,31-07-2021
EMP1068,Dylan,Lee,dylan.lee@yahoo.com,9245678902,Finance,73000,18-11-2020
EMP1069,Willow,White,willow.white@company.com,9356789013,HR,61000,35-02-2023
EMP1070,Micah,Scott,micah.scott@gmail.com,9467890124,IT,88000,10-12-2019
EMP1071,Lena,Hall,lena.hall@outlook.com,9578901235,Sales,59000,25-03-2022
EMP1072,Caden,Young,caden.young@yahoo.com,9689012346,Marketing,66000,13-06-2021
EMP1073,Sylvia,Allen,sylvia.allen@company.com,9790123457,Finance,74000,21-10-2020
EMP1074,Ezra,White,ezra.white@gmail.com,9801234568,HR,62000,19-01-2023
EMP1075,Aria,Hall,aria.hall@outlook.com,9912345679,IT,89000,26-05-2019
EMP1076,Reid,Young,reid.young@yahoo.com,9023456780,Sales,60000,15-04-2022
EMP1077,Calliope,Martin,calliope.martin@company.com,9134567891,Marketing,67000,02-08-2021
EMP1078,Leila,Lee,leila.lee@gmail.com,9245678902,Finance,75000,19-11-2020
EMP1079,Aidan,White,aidan.white@outlook.com,9356789013,HR,63000,36-02-2023
EMP1080,Kai,Hall,kai.hall@yahoo.com,9467890124,IT,90000,11-12-2019
EMP1081,Tessa,Scott,tessa.scott@company.com,9578901235,Sales,61000,26-03-2022
EMP1082,Jay,Young,jay.young@gmail.com,9689012346,Marketing,68000,14-06-2021
EMP1083,Ophelia,Allen,ophelia.allen@outlook.com,9790123457,Finance,76000,22-10-2020
EMP1084,Rory,White,rory.white@yahoo.com,9801234568,HR,64000,20-01-2023
EMP1085,Zara,Hall,zara.hall@company.com,9912345679,IT,91000,27-05-2019
EMP1086,Silas,Young,silas.young@gmail.com,9023456780,Sales,62000,16-04-2022
EMP1087,Juniper,Martin,juniper.martin@outlook.com,9134567891,Marketing,69000,03-08-2021
EMP1088,Blaise,Lee,blaise.lee@yahoo.com,9245678902,Finance,77000,20-11-2020
EMP1089,Isla,White,isla.white@company.com,9356789013,HR,65000,37-02-2023
EMP1090,Milo,Hall,milo.hall@gmail.com,9467890124,IT,92000,12-12-2019
EMP1091,Daphne,Scott,daphne.scott@outlook.com,9578901235,Sales,63000,27-03-2022
EMP1092,Leor,Young,leor.young@yahoo.com,9689012346,Marketing,70000,15-06-2021
EMP1093,Faye,Allen,faye.allen@company.com,9790123457,Finance,78000,23-10-2020
EMP1094,Jonas,White,jonas.white@gmail.com,9801234568,HR,66000,21-01-2023
EMP1095,Anya,Hall,anya.hall@outlook.com,9912345679,IT,93000,28-05-2019
EMP1096,Ezra,Young,ezra.young@yahoo.com,9023456780,Sales,64000,17-04-2022
EMP1097,Selene,Martin,selene.martin@company.com,9134567891,Marketing,71000,04-08-2021
EMP1098,Corbin,Lee,corbin.lee@gmail.com,9245678902,Finance,79000,21-11-2020
EMP1099,Amira,White,amira.white@outlook.com,9356789013,HR,67000,38-02-2023
EMP1100,Cyrus,Hall,cyrus.hall@yahoo.com,9467890124,IT,94000,13-12-2019
EMP1101,Arielle,Scott,arielle.scott@company.com,9578901235,Sales,65000,28-03-2022
EMP1102,Axel,Young,axel.young@gmail.com,9689012346,Marketing,72000,16-06-2021
EMP1103,Sara,Allen,sara.allen@outlook.com,9790123457,Finance,80000,24-10-2020
EMP1104,Silvan,White,silvan.white@yahoo.com,9801234568,HR,68000,22-01-2023
EMP1105,Calliope,Hall,calliope.hall@company.com,9912345679,IT,95000,29-05-2019
EMP1106,Quinn,Young,quinn.young@gmail.com,9023456780,Sales,66000,18-04-2022
EMP1107,Indigo,Martin,indigo.martin@outlook.com,9134567891,Marketing,73000,05-08-2021
EMP1108,Leif,Lee,leif.lee@yahoo.com,9245678902,Finance,81000,22-11-2020
EMP1109,Isabella,White,isabella.white@company.com,9356789013,HR,69000,39-02-2023
EMP1110,Jonas,Hall,jonas.hall@gmail.com,9467890124,IT,96000,14-12-2019
EMP1111,Elena,Scott,elena.scott@outlook.com,9578901235,Sales,67000,29-03-2022
EMP1112,Rowan,Young,rowan.young@yahoo.com,9689012346,Marketing,74000,17-06-2021
EMP1113,Opal,Allen,opal.allen@company.com,9790123457,Finance,82000,25-10-2020
EMP1114,Dorian,White,dorian.white@gmail.com,9801234568,HR,70000,23-01-2023
EMP1115,Luna,Hall,luna.hall@outlook.com,9912345679,IT,97000,30-05-2019
EMP1116,Elijah,Young,elijah.young@gmail.com,9023456780,Sales,68000,19-04-2022
EMP1117,Maris,Martin,maris.martin@outlook.com,9134567891,Marketing,75000,06-08-2021
EMP1118,Cliff,Lee,cliff.lee@yahoo.com,9245678902,Finance,83000,23-11-2020
EMP1119,Tara,White,tara.white@company.com,9356789013,HR,71000,40-02-2023
EMP1120,Micah,Hall,micah.hall@gmail.com,9467890124,IT,98000,15-12-2019
EMP1121,Seraphina,Scott,seraphina.scott@outlook.com,9578901235,Sales,69000,30-03-2022
EMP1122,Caleb,Young,caleb.young@yahoo.com,9689012346,Marketing,76000,18-06-2021
EMP1123,Raven,Allen,raven.allen@company.com,9790123457,Finance,84000,26-10-2020
EMP1124,Rory,White,rory.white@gmail.com,9801234568,HR,72000,24-01-2023
EMP1125,Mara,Hall,mara.hall@outlook.com,9912345679,IT,99000,31-05-2019
EMP1126,August,Young,august.young@gmail.com,9023456780,Sales,70000,20-04-2022
EMP1127,Juniper,Martin,juniper.martin@outlook.com,9134567891,Marketing,77000,07-08-2021
EMP1128,Keanu,Lee,keanu.lee@yahoo.com,9245678902,Finance,85000,24-11-2020
EMP1129,Isolde,White,isolde.white@company.com,9356789013,HR,73000,41-02-2023
EMP1130,Quinn,Hall,quinn.hall@gmail.com,9467890124,IT,100000,16-12-2019
EMP1131,Selah,Scott,selah.scott@outlook.com,9578901235,Sales,71000,31-03-2022
EMP1132,Cyrus,Young,cyrus.young@yahoo.com,9689012346,Marketing,78000,19-06-2021
EMP1133,Lara,Allen,lara.allen@company.com,9790123457,Finance,86000,27-10-2020
EMP1134,Alfred,White,alfred.white@gmail.com,9801234568,HR,74000,25-01-2023
EMP1135,Sofia,Hall,sofia.hall@outlook.com,9912345679,IT,101000,32-05-2019
EMP1136,Micah,Young,micah.young@gmail.com,9023456780,Sales,72000,21-04-2022
EMP1137,Corin,Martin,corin.martin@outlook.com,9134567891,Marketing,79000,08-08-2021
EMP1138,Orion,Lee,orion.lee@yahoo.com,9245678902,Finance,87000,25-11-2020
EMP1139,Aurelia,White,aurelia.white@company.com,9356789013,HR,76000,42-02-2023
EMP1140,Brian,Hall,brian.hall@gmail.com,9467890124,IT,102000,17-12-2019
EMP1141,Lila,Scott,lila.scott@outlook.com,9578901235,Sales,73000,32-03-2022
EMP1142,Arlo,Young,arlo.young@yahoo.com,9689012346,Marketing,80000,20-06-2021
EMP1143,Mara,Allen,mara.allen@company.com,9790123457,Finance,88000,28-10-2020
EMP1144,Elian,White,elian.white@gmail.com,9801234568,HR,77000,26-01-2023
EMP1145,Tara,Hall,tara.hall@outlook.com,9912345679,IT,103000,33-05-2019
EMP1146,Reid,Young,reid.young@gmail.com,9023456780,Sales,74000,22-04-2022
EMP1147,Juniper,Martin,juniper.martin@outlook.com,9134567891,Marketing,81000,09-08-2021
EMP1148,Leif,Lee,leif.lee@yahoo.com,9245678902,Finance,89000,26-11-2020
EMP1149,Isabella,White,isabella.white@company.com,9356789013,HR,78000,43-02-2023
EMP1150,Jonas,Hall,jonas.hall@gmail.com,9467890124,IT,104000,18-12-2019
EMP1151,Elena,Scott,elena.scott@outlook.com,9578901235,Sales,75000,33-03-2022
EMP1152,Rowan,Young,rowan.young@yahoo.com,9689012346,Marketing,82000,21-06-2021
EMP1153,Opal,Allen,opal.allen@company.com,9790123457,Finance,90000,29-10-2020
EMP1154,Dorian,White,dorian.white@gmail.com,9801234568,HR,79000,27-01-2023
EMP1155,Luna,Hall,luna.hall@outlook.com,9912345679,IT,105000,34-05-2019
EMP1156,Elijah,Young,elijah.young@gmail.com,9023456780,Sales,76000,23-04-2022
EMP1157,Maris,Martin,maris.martin@outlook.com,9134567891,Marketing,83000,10-08-2021
EMP1158,Cliff,Lee,cliff.lee@yahoo.com,9245678902,Finance,91000,27-11-2020
EMP1159,Tara,White,tara.white@company.com,9356789013,HR,80000,44-02-2023
EMP1160,Micah,Hall,micah.hall@gmail.com,9467890124,IT,106000,16-12-2019
EMP1161,Seraphina,Scott,seraphina.scott@outlook.com,9578901235,Sales,77000,31-03-2022
EMP1162,Caleb,Young,caleb.young@yahoo.com,9689012346,Marketing,84000,19-06-2021
EMP1163,Raven,Allen,raven.allen@company.com,9790123457,Finance,92000,27-10-2020
EMP1164,Rory,White,rory.white@gmail.com,9801234568,HR,81000,25-01-2023
EMP1165,Mara,Hall,mara.hall@outlook.com,9912345679,IT,107000,32-05-2019
EMP1166,August,Young,august.young@gmail.com,9023456780,Sales,78000,24-04-2022
EMP1167,Juniper,Martin,juniper.martin@outlook.com,9134567891,Marketing,85000,11-08-2021
EMP1168,Keanu,Lee,keanu.lee@yahoo.com,9245678902,Finance,93000,28-11-2020
EMP1169,Isolde,White,isolde.white@company.com,9356789013,HR,82000,45-02-2023
EMP1170,Quinn,Hall,quinn.hall@gmail.com,9467890124,IT,108000,17-12-2019
EMP1171,Selah,Scott,selah.scott@outlook.com,9578901235,Sales,79000,32-03-2022
EMP1172,Cyrus,Young,cyrus.young@yahoo.com,9689012346,Marketing,86000,20-06-2021
EMP1173,Lara,Allen,lara.allen@company.com,9790123457,Finance,94000,28-10-2020
EMP1174,Alfred,White,alfred.white@gmail.com,9801234568,HR,83000,26-01-2023
EMP1175,Sofia,Hall,sofia.hall@outlook.com,9912345679,IT,109000,33-05-2019
EMP1176,Micah,Young,micah.young@gmail.com,9023456780,Sales,80000,23-04-2022
EMP1177,Corin,Martin,corin.martin@outlook.com,9134567891,Marketing,87000,10-08-2021
EMP1178,Orion,Lee,orion.lee@yahoo.com,9245678902,Finance,95000,27-11-2020
EMP1179,Aurelia,White,aurelia.white@company.com,9356789013,HR,84000,46-02-2023
EMP1180,Brian,Hall,brian.hall@gmail.com,9467890124,IT,110000,18-12-2019
EMP1181,Lila,Scott,lila.scott@outlook.com,9578901235,Sales,81000,33-03-2022
EMP1182,Arlo,Young,arlo.young@yahoo.com,9689012346,Marketing,88000,21-06-2021
EMP1183,Mara,Allen,mara.allen@company.com,9790123457,Finance,96000,29-10-2020
EMP1184,Elian,White,elian.white@gmail.com,9801234568,HR,85000,27-01-2023
EMP1185,Tara,Hall,tara.hall@outlook.com,9912345679,IT,111000,34-05-2019
EMP1186,Reid,Young,reid.young@gmail.com,9023456780,Sales,82000,24-04-2022
EMP1187,Juniper,Martin,juniper.martin@outlook.com,9134567891,Marketing,89000,11-08-2021
EMP1188,Leif,Lee,leif.lee@yahoo.com,9245678902,Finance,97000,28-11-2020
EMP1189,Isabella,White,isabella.white@company.com,9356789013,HR,86000,47-02-2023
EMP1190,Jonas,Hall,jonas.hall@gmail.com,9467890124,IT,112000,19-12-2019
EMP1191,Elena,Scott,elena.scott@outlook.com,9578901235,Sales,83000,34-03-2022
EMP1192,Rowan,Young,rowan.young@yahoo.com,9689012346,Marketing,90000,22-06-2021
EMP1193,Opal,Allen,opal.allen@company.com,9790123457,Finance,98000,30-10-2020
EMP1194,Dorian,White,dorian.white@gmail.com,9801234568,HR,87000,28-01-2023
EMP1195,Luna,Hall,luna.hall@outlook.com,9912345679,IT,113000,35-05-2019
EMP1196,Elijah,Young,elijah.young@gmail.com,9023456780,Sales,84000,25-04-2022
EMP1197,Maris,Martin,maris.martin@outlook.com,9134567891,Marketing,91000,12-08-2021
EMP1198,Cliff,Lee,cliff.lee@yahoo.com,9245678902,Finance,99000,29-11-2020
EMP1199,Tara,White,tara.white@company.com,9356789013,HR,88000,48-02-2023
EMP1200,Micah,Hall,micah.hall@gmail.com,9467890124,IT,114000,20-12-2019
EMP1201,Seraphina,Scott,seraphina.scott@outlook.com,9578901235,Sales,85000,35-03-2022
EMP1202,Caleb,Young,caleb.young@yahoo.com,9689012346,Marketing,92000,23-06-2021
EMP1203,Raven,Allen,raven.allen@company.com,9790123457,Finance,100000,31-10-2020
EMP1204,Rory,White,rory.white@gmail.com,9801234568,HR,89000,29-01-2023
EMP1205,Mara,Hall,mara.hall@outlook.com,9912345679,IT,115000,36-05-2019
EMP1206,August,Young,august.young@gmail.com,9023456780,Sales,86000,26-04-2022
EMP1207,Juniper,Martin,juniper.martin@outlook.com,9134567891,Marketing,93000,13-08-2021
EMP1208,Keanu,Lee,keanu.lee@yahoo.com,9245678902,Finance,101000,30-11-2020
EMP1209,Isolde,White,isolde.white@company.com,9356789013,HR,90000,49-02-2023
EMP1210,Quinn,Hall,quinn.hall@gmail.com,9467890124,IT,116000,21-12-2019
EMP1211,Selah,Scott,selah.scott@outlook.com,9578901235,Sales,87000,36-03-2022
EMP1212,Cyrus,Young,cyrus.young@yahoo.com,9689012346,Marketing,94000,24-06-2021
EMP1213,Lara,Allen,lara.allen@company.com,9790123457,Finance,102000,32-10-2020
EMP1214,Alfred,White,alfred.white@gmail.com,9801234568,HR,91000,30-01-2023
EMP1215,Sofia,Hall,sofia.hall@outlook.com,9912345679,IT,117000,37-05-2019
EMP1216,Micah,Young,micah.young@gmail.com,9023456780,Sales,88000,27-04-2022
EMP1217,Corin,Martin,corin.martin@outlook.com,9134567891,Marketing,95000,14-08-2021
EMP1218,Orion,Lee,orion.lee@yahoo.com,9245678902,Finance,103000,31-11-2020
EMP1219,Aurelia,White,aurelia.white@company.com,9356789013,HR,92000,50-02-2023
EMP1220,Brian,Hall,brian.hall@gmail.com,9467890124,IT,118000,22-12-2019
EMP1221,Lila,Scott,lila.scott@outlook.com,9578901235,Sales,89000,37-03-2022
EMP1222,Arlo,Young,arlo.young@yahoo.com,9689012346,Marketing,96000,25-06-2021
EMP1223,Mara,Allen,mara.allen@company.com,9790123457,Finance,104000,33-10-2020
EMP1224,Elian,White,elian.white@gmail.com,9801234568,HR,93000,31-01-2023
EMP1225,Tara,Hall,tara.hall@outlook.com,9912345679,IT,119000,38-05-2019
EMP1226,Reid,Young,reid.young@gmail.com,9023456780,Sales,90000,28-04-2022
EMP1227,Juniper,Martin,juniper.martin@outlook.com,9134567891,Marketing,97000,15-08-2021
EMP1228,Leif,Lee,leif.lee@yahoo.com,9245678902,Finance,104000,32-11-2020
EMP1229,Isabella,White,isabella.white@company.com,9356789013,HR,94000,51-02-2023
EMP1230,Jonas,Hall,jonas.hall@gmail.com,9467890124,IT,120000,23-12-2019
EMP1231,Elena,Scott,elena.scott@outlook.com,9578901235,Sales,91000,38-03-2022
EMP1232,Rowan,Young,rowan.young@yahoo.com,9689012346,Marketing,98000,26-06-2021
EMP1233,Opal,Allen,opal.allen@company.com,9790123457,Finance,105000,34-10-2020
EMP1234,Dorian,White,dorian.white@gmail.com,9801234568,HR,94000,32-01-2023
EMP1235,Luna,Hall,luna.hall@outlook.com,9912345679,IT,121000,39-05-2019
EMP1236,Elijah,Young,elijah.young@gmail.com,9023456780,Sales,92000,29-04-2022
EMP1237,Maris,Martin,maris.martin@outlook.com,9134567891,Marketing,99000,16-08-2021
EMP1238,Cliff,Lee,cliff.lee@yahoo.com,9245678902,Finance,106000,33-11-2020
EMP1239,Tara,White,tara.white@company.com,9356789013,HR,95000,52-02-2023
EMP1240,Micah,Hall,micah.hall@gmail.com,9467890124,IT,122000,24-12-2019
EMP1241,Seraphina,Scott,seraphina.scott@outlook.com,9578901235,Sales,93000,39-03-2022
EMP1242,Caleb,Young,caleb.young@yahoo.com,9689012346,Marketing,100000,27-06-2021
EMP1243,Raven,Allen,raven.allen@company.com,9790123457,Finance,107000,35-10-2020
EMP1244,Rory,White,rory.white@gmail.com,9801234568,HR,96000,33-01-2023
EMP1245,Mara,Hall,mara.hall@outlook.com,9912345679,IT,123000,40-05-2019
EMP1246,August,Young,august.young@gmail.com,9023456780,Sales,94000,30-04-2022
EMP1247,Juniper,Martin,juniper.martin@outlook.com,9134567891,Marketing,101000,17-08-2021
EMP1248,Keanu,Lee,keanu.lee@yahoo.com,9245678902,Finance,1,1000,34-11-2020
EMP1249,Isolde,White,isolde.white@company.com,9356789013,HR,1,0000,53-02-2023
EMP1250,Quinn,Hall,quinn.hall@gmail.com,9467890124,IT,1,1200,25-12-2019

